customer_id,full_name,email,phone_number,region,created_at
1,Ryan Burns,,,Mississippi,2024-05-20
2,Amanda Ball,pgarcia@evans.info,517-133-9596x292,Indiana,2024-12-16
3,Anthony Bell,mariopadilla@yahoo.com,001-481-260-4223,Georgia,2024-09-28
4,David Bridges,othomas@yahoo.com,+1-667-116-8457x7590,Wyoming,2025-01-12
5,Monica Ellis,flynnraymond@yahoo.com,745.458.9297,Michigan,2025-02-17
6,Amber Garcia,martinezmia@yahoo.com,063.242.4154x152,Arkansas,2024-01-27
7,Molly Fischer,padillaaaron@yahoo.com,293-870-0516,Vermont,2023-07-06
8,Darryl Davis,edwardsnicole@reyes.com,890-927-5326,South Carolina,2024-09-09
9,Daniel Mosley,lawrencepatrick@edwards-taylor.com,+1-138-999-4043x8983,West Virginia,2024-01-24
10,Anthony Hurst,pcruz@little-jones.com,,Alabama,2023-10-15
11,Thomas Fry,courtney86@yahoo.com,001-618-892-4141x832,Ohio,2023-12-04
12,Mark Davenport,holly30@miller.com,990.421.0202x758,North Dakota,2024-11-23
13,Deanna Watson,wiseanthony@yahoo.com,814-917-7850x792,Mississippi,2023-07-26
14,Brian Berry,joycesmith@sanchez.com,(220)863-5365x4195,Delaware,2024-04-18
15,Amy Walker,djones@ayala-collins.com,+1-705-349-4937,Mississippi,2024-06-27
16,Yolanda Parsons,adamortiz@weaver.com,064-138-3670x24103,North Dakota,2024-02-09
17,Jacqueline Villegas,wagnerdana@jones-bradley.biz,+1-234-456-5574x31329,Connecticut,2023-07-24
18,Jerry Edwards,tami37@ford-phelps.com,(490)352-1356,North Carolina,2023-05-03
19,Debbie Ewing,jbond@pierce.com,003-236-5199,Kentucky,2025-03-07
20,Alison Brown,christopherboone@yahoo.com,070-296-6706,Utah,2024-02-20
21,Daniel Lopez,cstephenson@hotmail.com,+1-934-768-7014x626,Illinois,2024-08-06
22,Kelly Mccoy,wcasey@stephens-washington.org,564.205.9304x07859,Iowa,2023-07-27
23,Matthew Adams,barbaramcgrath@kelly-combs.com,(395)590-5992,Oregon,2023-08-19
24,Rita Waller,tracydavis@gmail.com,+1-308-705-9325x250,Alaska,2023-07-18
25,Sylvia Schroeder,brookssheri@yahoo.com,001-154-522-6752,Virginia,2024-06-04
26,Tanya Buchanan,nicholasgross@anderson-daniel.org,(902)959-3917x2513,Minnesota,2023-11-29
27,Stephen Davis,nsmith@gmail.com,001-154-100-6762x676,Minnesota,2024-05-23
28,Ronald Kramer,,152-621-8159,South Carolina,2025-02-16
29,Mr. Tommy Martin,brianrivera@gmail.com,(884)443-1069x87205,Alabama,2024-02-21
30,Rodney Weber,,,Mississippi,2023-08-17
31,Dennis Marshall,anne21@barnett.biz,001-938-068-6879x37416,Virginia,2023-04-21
32,Stephanie Mcbride,averyshane@stanton.com,6163294511,Missouri,2024-05-31
33,Gabriel Hill,buchanancindy@hotmail.com,(162)299-9119x14856,,2024-01-17
34,Laura Kennedy,richard99@steele.com,,Florida,2023-11-14
35,Jessica Petersen,fjacobs@gmail.com,367.850.8214x862,Wyoming,2025-01-15
36,Laura Thompson,wrightstephen@bush-hill.info,610.357.9727x98552,,2024-10-27
37,Ann Johnson,melissachan@vincent.com,+1-346-800-7229x03494,,2024-09-26
38,Jessica Bennett,,+1-896-910-8589x94417,California,2023-12-12
39,Margaret Hensley MD,edwardcannon@gmail.com,+1-652-074-4666x099,Illinois,2023-12-17
40,Courtney Nichols,william28@gmail.com,,Mississippi,2023-10-14
41,Julie Wilson,kennedyjames@dillon.net,602-235-6972x5217,Michigan,2024-07-28
42,Mrs. Amy Hayes,barbaramoore@anderson.biz,(676)008-3505x8300,South Dakota,2024-10-15
43,Michael Cooper,reyesbrianna@brown.com,789-856-2575x3260,Iowa,2023-09-16
44,Bonnie Gross,richardsondebra@brooks.com,,New Mexico,2024-09-21
45,Michael Mccoy,qstanley@hotmail.com,992-618-9141x173,Rhode Island,2023-08-28
46,Sandra Dudley,cphillips@hotmail.com,375.300.1197x2181,Washington,2024-10-08
47,David Hall,steven12@gmail.com,556-110-0225x5794,Washington,2023-06-06
48,Grant Wilson,ynelson@hotmail.com,621.202.1697x9729,,2024-11-20
49,Allen Cohen,hknapp@alexander-brown.com,8993588916,Texas,2024-10-10
50,Gregory Rhodes,marygrant@hotmail.com,0287721753,,2023-10-28
51,Daniel Schneider,christianwallace@hotmail.com,177.517.0166x088,Alabama,2024-12-26
52,Larry Montgomery,diamondbryant@yahoo.com,(037)589-9757x113,Alabama,2023-12-16
53,Mark Marsh,williamsfrank@gmail.com,001-614-933-1637x351,Wisconsin,2024-02-10
54,Mark Powers,,+1-697-829-2216,,2024-07-04
55,Erica Keith,joshuastuart@yahoo.com,226.984.8583x339,Virginia,2023-11-06
56,Tammy Anderson,jennifer58@aguilar-bender.biz,+1-846-081-0620x03424,Utah,2023-10-06
57,Antonio Mueller,howardshaun@parrish.net,(384)066-6580x0439,Wyoming,2025-01-22
58,Sandra Pruitt,kimberlybrandt@yahoo.com,212.281.6064x842,Hawaii,2024-06-21
59,Abigail Owens,hernandezmarcus@ayala.org,+1-479-851-5832x81826,Ohio,2024-05-16
60,Gregory Ware,michael39@hotmail.com,801.573.9930x5616,Kentucky,2024-05-18
61,Allison Black,stucker@hotmail.com,581.128.8013,Texas,2024-07-26
62,Sharon Coleman,amandapark@rowe.com,7501102481,Oregon,2024-12-23
63,David Hughes,ystewart@hotmail.com,809-190-1581,Maine,2024-11-26
64,Lisa Campbell,qfoster@gmail.com,283.268.4245x0882,Delaware,2023-04-27
65,Kyle Medina,,(239)431-2908,New Jersey,2024-08-07
66,Donna Jones,,491-357-7594,Vermont,2024-06-21
67,Keith Aguirre,adamsanchez@gmail.com,001-645-257-7754x781,Idaho,2024-08-08
68,Sarah Trevino,josemercado@luna.net,+1-099-693-0848x8725,Montana,2023-09-15
69,Leah Vincent,fmason@cox-smith.com,,Wisconsin,2024-04-07
70,Dennis Young,paul70@hooper.com,001-844-989-2665x918,Kentucky,2024-01-12
71,Courtney Sullivan,msparks@gmail.com,272.318.4322x25913,Nebraska,2024-12-15
72,Brian Leonard,brittanyholland@yahoo.com,3029922809,Georgia,2023-05-08
73,Thomas Black,johnsjessica@yahoo.com,379-772-3692,,2024-12-22
74,Lisa Dixon,sandra99@hall.com,,South Carolina,2024-07-03
75,Richard Gordon,olsondavid@ryan.biz,650.863.7659x91624,New Mexico,2024-11-09
76,Scott Campbell,jacob09@hotmail.com,,Tennessee,2024-06-22
77,Scott Henderson,victoria63@yahoo.com,,Minnesota,2024-11-16
78,Nancy Wyatt,seanlyons@garcia.biz,890-260-1279x61143,Mississippi,2023-05-27
79,Misty Arias,jennifer90@gmail.com,+1-770-384-3098x8392,,2023-04-23
80,Matthew Cantrell,kimberly56@willis-holmes.com,848-955-4393,New Jersey,2025-03-17
81,Aaron Thompson,gordonmatthew@pratt.net,001-476-973-5779,Alaska,2024-04-03
82,Austin Schultz,laurengutierrez@black-smith.com,416.518.2755,Indiana,2025-02-17
83,Catherine Reese,pmclaughlin@allen.com,+1-521-117-9080x759,Massachusetts,2024-04-11
84,Sierra Andrews,,639-208-6780x856,Utah,2024-11-17
85,William Wolfe,hannah03@yahoo.com,001-155-942-8434,New Mexico,2024-07-14
86,Clinton Coleman,michael64@yahoo.com,(929)314-3866,Illinois,2023-07-17
87,Nancy Kennedy,roberttaylor@holmes.com,890-612-0347x175,Kentucky,2023-12-31
88,Justin Patrick,jenkinsmichael@hotmail.com,+1-399-824-5587x716,,2023-11-03
89,Tyler Oneill,kwelch@yahoo.com,125-355-4496,Louisiana,2025-02-12
90,Scott Cox,,001-341-326-1117x8006,North Dakota,2024-11-09
91,Ashley Montgomery MD,jerome47@hotmail.com,(282)005-5778,Louisiana,2024-05-25
92,Wayne Wolfe,owelch@graham.com,831.745.6424x0082,Minnesota,2023-11-03
93,Adam Weeks,albert64@hotmail.com,085.368.6632,Virginia,2024-10-18
94,Sandra Walker,hgarrett@aguirre.net,631-224-1797x497,Illinois,2023-11-30
95,Anthony Nichols,campbelldavid@acosta-hall.com,7356475705,Colorado,2025-01-09
96,Brianna Adams,danielshunter@yahoo.com,(013)673-0371x8376,Utah,2023-11-23
97,Caitlin Chandler,timothy43@clay-boyer.com,365-024-9163,Alabama,2023-04-27
98,Melissa Barker,kelli32@davis-montgomery.com,5281273585,New Hampshire,2024-10-15
99,Michael Howard,,+1-557-498-2182,New Hampshire,2023-11-10
100,Kimberly Gibson,nicoleharvey@yahoo.com,001-935-186-3878x29456,,2023-12-01
